{
  "posts": [
    {
      "title": "시즈무요오니",
      "content": "토케테유쿠요오니",
      "createAt": 1734852028126,
      "id": 7
    },
    {
      "title": "Love wins all",
      "content": "Love wins all",
      "createAt": 1734853603699,
      "id": 9
    },
    {
      "title": "Love wins all",
      "content": "Love wins all",
      "createAt": 1734853603699,
      "id": 10
    },
    {
      "title": "Love wins all",
      "content": "Love wins all",
      "createAt": 1734853603699,
      "id": 11
    },
    {
      "title": "Love wins all",
      "content": "Love wins all",
      "createAt": 1734853603699,
      "id": 12
    },
    {
      "title": "Love wins all",
      "content": "Love wins all",
      "createAt": 1734853603699,
      "id": 13
    },
    {
      "title": "Love wins all",
      "content": "Love wins all",
      "createAt": 1734853603699,
      "id": 14
    },
    {
      "title": "Love wins all",
      "content": "Love wins all",
      "createAt": 1734853603699,
      "id": 15
    },
    {
      "title": "뒈이터ㅁㄴㅇㄴㅁㅇ",
      "content": "입니다ㅁㄴㅇㄴㅁㅇ",
      "createAt": 1734864771314,
      "id": 16
    },
    {
      "title": "15개가 꽉 차나요?",
      "content": "15개가 꽉 차나요?!!",
      "createAt": 1734864771315,
      "id": 17
    },
    {
      "title": "히로가루 요루니~~~!!!ㅋㅇㅋㅇㅋㅇ",
      "content": "ㅁㄴㅇㅁㄴㅇ 수정도 잘되나요?",
      "createAt": 1734864771316,
      "id": 19
    },
    {
      "title": "ㅁㄴㅇㄴㅁㅇㅁㄴㅇ",
      "content": "ㅁㄴㅇㅁㄴㅇ",
      "createAt": 1734956263534,
      "id": 20
    }
  ]
}